Название лида,Имя,Фамилия,Отчество,Компания,Должность,E-mail,Рабочий телефон,Сайт,Источник,Статус,Комментарий
"Лид: ООО ""ВКУСВИЛЛ"" (Фадеева Алена Викторовна)",Алена,Фадеева,Викторовна,"ООО ""ВКУСВИЛЛ""",Управляющая единой концепцией,a.fadeeva@vkusvill.ru,+74956638602,vkusvill.ru,B2B Lead Enrichment Engine,Не обработан,"ИНН: 7734443270, ОКВЭД: Торговля розничная прочими пищевыми продуктами, Доверие: 90%"
"Лид: ООО ""ВКУСВИЛЛ"" (Кривенко Андрей Александрович)",Андрей,Кривенко,Александрович,"ООО ""ВКУСВИЛЛ""",Основатель,a.krivenko@vkusvill.ru,+74956638602,vkusvill.ru,B2B Lead Enrichment Engine,Не обработан,"ИНН: 7734443270, ОКВЭД: Торговля розничная прочими пищевыми продуктами, Доверие: 90%"
"Лид: ПАО ""МАГНИТ"" (Мелешина Анна Юрьевна)",Анна,Мелешина,Юрьевна,"ПАО ""МАГНИТ""",Управляющий директор,a.meleshina@magnit.com,+78612109810,magnit.com,B2B Lead Enrichment Engine,Не обработан,"ИНН: 2309085638, ОКВЭД: Торговля розничная преимущественно пищевыми продуктами, Доверие: 90%"
"Лид: ПАО ""МАГНИТ"" (Дюннинг Ян Гезинус)",Ян,Дюннинг,Гезинус,"ПАО ""МАГНИТ""","Президент, Генеральный директор",y.dyunning@magnit.com,+78612109810,magnit.com,B2B Lead Enrichment Engine,Не обработан,"ИНН: 2309085638, ОКВЭД: Торговля розничная преимущественно пищевыми продуктами, Доверие: 90%"
"Лид: ПАО ""РОСТЕЛЕКОМ"" (Анисимов Валерий Сергеевич)",Валерий,Анисимов,Сергеевич,"ПАО ""РОСТЕЛЕКОМ""",Вице-президент по корпоративному и B2B сегменту,v.anisimov@rt.ru,+78002000033,company.rt.ru,B2B Lead Enrichment Engine,Не обработан,"ИНН: 7707049388, ОКВЭД: Деятельность в области связи на базе проводных технологий, Доверие: 90%"
"Лид: ПАО ""РОСТЕЛЕКОМ"" (Осеевский Михаил Эдуардович)",Михаил,Осеевский,Эдуардович,"ПАО ""РОСТЕЛЕКОМ""",Президент,m.oseevskiy@rt.ru,+78002000033,company.rt.ru,B2B Lead Enrichment Engine,Не обработан,"ИНН: 7707049388, ОКВЭД: Деятельность в области связи на базе проводных технологий, Доверие: 90%"
"Лид: ООО ""ИНТЕРНЕТ РЕШЕНИЯ"" (Шульгин Александр Александрович)",Александр,Шульгин,Александрович,"ООО ""ИНТЕРНЕТ РЕШЕНИЯ""",Генеральный директор,a.shulgin@ozon.ru,+74952321000,ozon.ru,B2B Lead Enrichment Engine,Не обработан,"ИНН: 7704217370, ОКВЭД: Торговля розничная по почте или по информационно-коммуникационной сети Интернет, Доверие: 90%"
"Лид: ООО ""ИНТЕРНЕТ РЕШЕНИЯ"" (Беляков Сергей Юрьевич)",Сергей,Беляков,Юрьевич,"ООО ""ИНТЕРНЕТ РЕШЕНИЯ""",Управляющий директор,s.belyakov@ozon.ru,+74952321000,ozon.ru,B2B Lead Enrichment Engine,Не обработан,"ИНН: 7704217370, ОКВЭД: Торговля розничная по почте или по информационно-коммуникационной сети Интернет, Доверие: 90%"
"Лид: ПАО ""СЕВЕРСТАЛЬ"" (Мордашов Алексей Александрович)",Алексей,Мордашов,Александрович,"ПАО ""СЕВЕРСТАЛЬ""",Председатель Совета директоров,a.mordashov@severstal.com,+78202535300,severstal.com,B2B Lead Enrichment Engine,Не обработан,"ИНН: 3528000597, ОКВЭД: Производство чугуна, стали и ферросплавов, Доверие: 90%"
"Лид: ПАО ""СЕВЕРСТАЛЬ"" (Шевелев Александр Анатольевич)",Александр,Шевелев,Анатольевич,"ПАО ""СЕВЕРСТАЛЬ""",Генеральный директор,a.shevelev@severstal.com,+78202535300,severstal.com,B2B Lead Enrichment Engine,Не обработан,"ИНН: 3528000597, ОКВЭД: Производство чугуна, стали и ферросплавов, Доверие: 90%"
"Лид: ООО ""1С"" (Нуралиев Борис Георгиевич)",Борис,Нуралиев,Георгиевич,"ООО ""1С""",Директор,b.nuraliev@1c.ru,+74957379257,1c.ru,B2B Lead Enrichment Engine,Не обработан,"ИНН: 7714595571, ОКВЭД: Деятельность консультативная и работы в области компьютерных технологий, Доверие: 90%"
"Лид: АО ""ЛАБОРАТОРИЯ КАСПЕРСКОГО"" (Чекунов Михаил Юрьевич)",Михаил,Чекунов,Юрьевич,"АО ""ЛАБОРАТОРИЯ КАСПЕРСКОГО""",Технический директор (CTO),m.chekunov@kaspersky.ru,+74957978700,kaspersky.ru,B2B Lead Enrichment Engine,Не обработан,"ИНН: 7743003908, ОКВЭД: Разработка компьютерного ПО и решений кибербезопасности, Доверие: 90%"
"Лид: АО ""ЛАБОРАТОРИЯ КАСПЕРСКОГО"" (Касперский Евгений Валентинович)",Евгений,Касперский,Валентинович,"АО ""ЛАБОРАТОРИЯ КАСПЕРСКОГО""",Генеральный директор,e.kasperskiy@kaspersky.ru,+74957978700,kaspersky.ru,B2B Lead Enrichment Engine,Не обработан,"ИНН: 7743003908, ОКВЭД: Разработка компьютерного ПО и решений кибербезопасности, Доверие: 90%"
"Лид: ООО ""ПК ""БАЛТИКА"" (Ковалев Андрей Игоревич)",Андрей,Ковалев,Игоревич,"ООО ""ПК ""БАЛТИКА""",Коммерческий директор по B2B дистрибуции,a.kovalev@baltika.ru,+78123299100,corporate.baltika.ru,B2B Lead Enrichment Engine,Не обработан,"ИНН: 7802849641, ОКВЭД: Торговля оптовая прочими машинами и оборудованием, Доверие: 90%"
"Лид: ООО ""ПК ""БАЛТИКА"" (Визир Дмитрий Михайлович)",Дмитрий,Визир,Михайлович,"ООО ""ПК ""БАЛТИКА""",Генеральный директор,d.vizir@baltika.ru,+78123299100,corporate.baltika.ru,B2B Lead Enrichment Engine,Не обработан,"ИНН: 7802849641, ОКВЭД: Торговля оптовая прочими машинами и оборудованием, Доверие: 90%"
"Лид: ООО ""ПК ""БАЛТИКА"" (Кузнецов Дмитрий Павлович)",Дмитрий,Кузнецов,Павлович,"ООО ""ПК ""БАЛТИКА""",Коммерческий директор,d.kuznetsov@technokompleks.ru,+78123345566,corporate.baltika.ru,B2B Lead Enrichment Engine,Не обработан,"ИНН: 7802849641, ОКВЭД: Торговля оптовая прочими машинами и оборудованием, Доверие: 98%"
"Лид: ООО ""ПК ""БАЛТИКА"" (Смирнов Алексей Владимирович)",Алексей,Смирнов,Владимирович,"ООО ""ПК ""БАЛТИКА""",Генеральный директор,a.smirnov@technokompleks.ru,+78123345566,corporate.baltika.ru,B2B Lead Enrichment Engine,Не обработан,"ИНН: 7802849641, ОКВЭД: Торговля оптовая прочими машинами и оборудованием, Доверие: 98%"
"Лид: ПАО ""СБЕРБАНК"" (Хасис Лев Аронович)",Лев,Хасис,Аронович,"ПАО ""СБЕРБАНК""",Первый заместитель Председателя Правления,l.khasis@sberbank.ru,+74955005550,sberbank.ru,B2B Lead Enrichment Engine,Не обработан,"ИНН: 7707083893, ОКВЭД: Денежное посредничество прочее, Доверие: 90%"
"Лид: ПАО ""СБЕРБАНК"" (Греф Герман Оскарович)",Герман,Греф,Оскарович,"ПАО ""СБЕРБАНК""","Президент, Председатель Правления",g.gref@sberbank.ru,+74955005550,sberbank.ru,B2B Lead Enrichment Engine,Не обработан,"ИНН: 7707083893, ОКВЭД: Денежное посредничество прочее, Доверие: 90%"
"Лид: ООО ""ЯНДЕКС"" (Иванов Артем Сергеевич)",Артем,Иванов,Сергеевич,"ООО ""ЯНДЕКС""",Директор по закупкам и B2B инфраструктуре,a.ivanov@yandex.ru,+74957397000,yandex.ru,B2B Lead Enrichment Engine,Не обработан,"ИНН: 7736207543, ОКВЭД: Разработка компьютерного программного обеспечения, Доверие: 90%"
"Лид: ООО ""ЯНДЕКС"" (Худавердян Тигран Оганесович)",Тигран,Худавердян,Оганесович,"ООО ""ЯНДЕКС""",Управляющий директор,t.khudaverdyan@yandex.ru,+74957397000,yandex.ru,B2B Lead Enrichment Engine,Не обработан,"ИНН: 7736207543, ОКВЭД: Разработка компьютерного программного обеспечения, Доверие: 90%"
