Название сделки,Компания,Основной контакт,Должность,Рабочий e-mail,Рабочий телефон,Сайт,Город/Регион,ИНН,Этап сделки,Примечание
"ООО ""ВКУСВИЛЛ"" — Управляющая единой концепцией","ООО ""ВКУСВИЛЛ""",Фадеева Алена Викторовна,Управляющая единой концепцией,a.fadeeva@vkusvill.ru,+74956638602,vkusvill.ru,г. Москва,7734443270,Первичный контакт,"Email статус: valid_mx, Скоринг: 90%, Источник: website"
"ООО ""ВКУСВИЛЛ"" — Основатель","ООО ""ВКУСВИЛЛ""",Кривенко Андрей Александрович,Основатель,a.krivenko@vkusvill.ru,+74956638602,vkusvill.ru,г. Москва,7734443270,Первичный контакт,"Email статус: valid_mx, Скоринг: 90%, Источник: egrul"
"ПАО ""МАГНИТ"" — Управляющий директор","ПАО ""МАГНИТ""",Мелешина Анна Юрьевна,Управляющий директор,a.meleshina@magnit.com,+78612109810,magnit.com,Краснодарский край,2309085638,Первичный контакт,"Email статус: valid_mx, Скоринг: 90%, Источник: website"
"ПАО ""МАГНИТ"" — Президент, Генеральный директор","ПАО ""МАГНИТ""",Дюннинг Ян Гезинус,"Президент, Генеральный директор",y.dyunning@magnit.com,+78612109810,magnit.com,Краснодарский край,2309085638,Первичный контакт,"Email статус: valid_mx, Скоринг: 90%, Источник: egrul"
"ПАО ""РОСТЕЛЕКОМ"" — Вице-президент по корпоративному и B2B сегменту","ПАО ""РОСТЕЛЕКОМ""",Анисимов Валерий Сергеевич,Вице-президент по корпоративному и B2B сегменту,v.anisimov@rt.ru,+78002000033,company.rt.ru,г. Санкт-Петербург,7707049388,Первичный контакт,"Email статус: valid_mx, Скоринг: 90%, Источник: website"
"ПАО ""РОСТЕЛЕКОМ"" — Президент","ПАО ""РОСТЕЛЕКОМ""",Осеевский Михаил Эдуардович,Президент,m.oseevskiy@rt.ru,+78002000033,company.rt.ru,г. Санкт-Петербург,7707049388,Первичный контакт,"Email статус: valid_mx, Скоринг: 90%, Источник: egrul"
"ООО ""ИНТЕРНЕТ РЕШЕНИЯ"" — Генеральный директор","ООО ""ИНТЕРНЕТ РЕШЕНИЯ""",Шульгин Александр Александрович,Генеральный директор,a.shulgin@ozon.ru,+74952321000,ozon.ru,г. Москва,7704217370,Первичный контакт,"Email статус: valid_mx, Скоринг: 90%, Источник: website"
"ООО ""ИНТЕРНЕТ РЕШЕНИЯ"" — Управляющий директор","ООО ""ИНТЕРНЕТ РЕШЕНИЯ""",Беляков Сергей Юрьевич,Управляющий директор,s.belyakov@ozon.ru,+74952321000,ozon.ru,г. Москва,7704217370,Первичный контакт,"Email статус: valid_mx, Скоринг: 90%, Источник: egrul"
"ПАО ""СЕВЕРСТАЛЬ"" — Председатель Совета директоров","ПАО ""СЕВЕРСТАЛЬ""",Мордашов Алексей Александрович,Председатель Совета директоров,a.mordashov@severstal.com,+78202535300,severstal.com,Вологодская область,3528000597,Первичный контакт,"Email статус: valid_mx, Скоринг: 90%, Источник: egrul"
"ПАО ""СЕВЕРСТАЛЬ"" — Генеральный директор","ПАО ""СЕВЕРСТАЛЬ""",Шевелев Александр Анатольевич,Генеральный директор,a.shevelev@severstal.com,+78202535300,severstal.com,Вологодская область,3528000597,Первичный контакт,"Email статус: valid_mx, Скоринг: 90%, Источник: egrul"
"ООО ""1С"" — Директор","ООО ""1С""",Нуралиев Борис Георгиевич,Директор,b.nuraliev@1c.ru,+74957379257,1c.ru,г. Москва,7714595571,Первичный контакт,"Email статус: valid_mx, Скоринг: 90%, Источник: egrul"
"АО ""ЛАБОРАТОРИЯ КАСПЕРСКОГО"" — Технический директор (CTO)","АО ""ЛАБОРАТОРИЯ КАСПЕРСКОГО""",Чекунов Михаил Юрьевич,Технический директор (CTO),m.chekunov@kaspersky.ru,+74957978700,kaspersky.ru,г. Москва,7743003908,Первичный контакт,"Email статус: valid_mx, Скоринг: 90%, Источник: website"
"АО ""ЛАБОРАТОРИЯ КАСПЕРСКОГО"" — Генеральный директор","АО ""ЛАБОРАТОРИЯ КАСПЕРСКОГО""",Касперский Евгений Валентинович,Генеральный директор,e.kasperskiy@kaspersky.ru,+74957978700,kaspersky.ru,г. Москва,7743003908,Первичный контакт,"Email статус: valid_mx, Скоринг: 90%, Источник: egrul"
"ООО ""ПК ""БАЛТИКА"" — Коммерческий директор по B2B дистрибуции","ООО ""ПК ""БАЛТИКА""",Ковалев Андрей Игоревич,Коммерческий директор по B2B дистрибуции,a.kovalev@baltika.ru,+78123299100,corporate.baltika.ru,г. Санкт-Петербург,7802849641,Первичный контакт,"Email статус: valid_mx, Скоринг: 90%, Источник: website"
"ООО ""ПК ""БАЛТИКА"" — Генеральный директор","ООО ""ПК ""БАЛТИКА""",Визир Дмитрий Михайлович,Генеральный директор,d.vizir@baltika.ru,+78123299100,corporate.baltika.ru,г. Санкт-Петербург,7802849641,Первичный контакт,"Email статус: valid_mx, Скоринг: 90%, Источник: egrul"
"ООО ""ПК ""БАЛТИКА"" — Коммерческий директор","ООО ""ПК ""БАЛТИКА""",Кузнецов Дмитрий Павлович,Коммерческий директор,d.kuznetsov@technokompleks.ru,+78123345566,corporate.baltika.ru,г. Санкт-Петербург,7802849641,Первичный контакт,"Email статус: valid_mx, Скоринг: 98%, Источник: website"
"ООО ""ПК ""БАЛТИКА"" — Генеральный директор","ООО ""ПК ""БАЛТИКА""",Смирнов Алексей Владимирович,Генеральный директор,a.smirnov@technokompleks.ru,+78123345566,corporate.baltika.ru,г. Санкт-Петербург,7802849641,Первичный контакт,"Email статус: valid_mx, Скоринг: 98%, Источник: egrul"
"ПАО ""СБЕРБАНК"" — Первый заместитель Председателя Правления","ПАО ""СБЕРБАНК""",Хасис Лев Аронович,Первый заместитель Председателя Правления,l.khasis@sberbank.ru,+74955005550,sberbank.ru,г. Москва,7707083893,Первичный контакт,"Email статус: valid_mx, Скоринг: 90%, Источник: website"
"ПАО ""СБЕРБАНК"" — Президент, Председатель Правления","ПАО ""СБЕРБАНК""",Греф Герман Оскарович,"Президент, Председатель Правления",g.gref@sberbank.ru,+74955005550,sberbank.ru,г. Москва,7707083893,Первичный контакт,"Email статус: valid_mx, Скоринг: 90%, Источник: egrul"
"ООО ""ЯНДЕКС"" — Директор по закупкам и B2B инфраструктуре","ООО ""ЯНДЕКС""",Иванов Артем Сергеевич,Директор по закупкам и B2B инфраструктуре,a.ivanov@yandex.ru,+74957397000,yandex.ru,г. Москва,7736207543,Первичный контакт,"Email статус: valid_mx, Скоринг: 90%, Источник: tenchat"
"ООО ""ЯНДЕКС"" — Управляющий директор","ООО ""ЯНДЕКС""",Худавердян Тигран Оганесович,Управляющий директор,t.khudaverdyan@yandex.ru,+74957397000,yandex.ru,г. Москва,7736207543,Первичный контакт,"Email статус: valid_mx, Скоринг: 90%, Источник: egrul"
